{
  "id": "2064481",
  "name": "jianshu",
  "font_family": "iconfont",
  "css_prefix_text": "icon",
  "description": "这是简书仓库",
  "glyphs": [
    {
      "icon_id": "1621077",
      "name": "Aa",
      "font_class": "Aa",
      "unicode": "e636",
      "unicode_decimal": 58934
    },
    {
      "icon_id": "13000504",
      "name": "放大镜",
      "font_class": "fangdajing",
      "unicode": "e60c",
      "unicode_decimal": 58892
    },
    {
      "icon_id": "14930333",
      "name": "Pens羽毛笔",
      "font_class": "Pensyumaobi",
      "unicode": "e708",
      "unicode_decimal": 59144
    }
  ]
}
